11/11/2016,10,Here's Why Hedge Funds Put Few Women on Company Boards
11/11/2016,10,Why activist hedge funds almost never nominate women
11/11/2016,8,"EU questions U.S. over Yahoo email scanning, amid privacy concerns"
11/10/2016,18,Yahoo took its time investigating massive security breach
11/10/2016,17,"Yahoo's latest filing reveals more details about 2014 hack, possible impact"
11/10/2016,13,"Is It Time to Follow Aristeia Capital Into Yahoo! Inc. (YHOO), Herbalife Ltd. (HLF), More?"
11/10/2016,9,"Yahoo Discloses New Potential Breach (YHOO, VZ)"
11/10/2016,8,Yahoo-Verizon May Seek to Terminate the Stock Purchase Agreement
11/10/2016,8,Stock Futures Rise as Wall Street Rally Continues After Trump's Win
11/10/2016,7,5 Things You Must Know Before the Market Opens Thursday
11/10/2016,0,Yahoo reveals more details about massive hack
11/9/2016,19,Yahoo Says Investigating Claim of New Hack of User Data
11/9/2016,18,[$$] Yahoo admits some staff knew of hacking in 2014
11/9/2016,18,[$$] Yahoo Investigating If Hacker Has Access to User Accounts
11/9/2016,16,"YAHOO INC Files SEC form 10-Q, Quarterly Report"
11/9/2016,15,Newspaper Front Pages Following The U.S. Election: How Did The World React?
11/9/2016,15,"Symantec (SYMC), Alibaba Group Holding Ltd (BABA): Should You Follow This Hedge Fund Into Its Top Picks?"
11/9/2016,14,[$$] Fitzgerald's Take: Yahoo Wins Privacy Fight With Bank Over Emails
11/9/2016,14,Yahoo reveals more details about massive hack
11/8/2016,10,TD Ameritrade's IMX Index Rose 6% In October
11/7/2016,16,"Trade Desk Fights For Online Ad Space In Shadow Of Google, Facebook"
11/4/2016,12,"ETFs with exposure to Yahoo!, Inc. : November 4, 2016"
11/3/2016,12,"Yahoo To Surge By 12.5%, Vetr Crowd Says"
11/1/2016,14,"Women executives left Yahoo in U.S. amid layoffs, deal talk"
10/28/2016,12,"EU data protection watchdogs warn WhatsApp, Yahoo on privacy"
10/27/2016,8,Flurry Analytics Announces Advancements to Yahoo's Mobile Developer Suite
10/27/2016,8,Flurry Analytics Announces Advancements to Yahoos Mobile Developer Suite
10/26/2016,21,Verizon warily staying with deal to buy Yahoo
10/26/2016,13,Verizon exec says company needs more information about Yahoo hack
10/26/2016,11,Verizon warily staying with deal to buy Yahoo
10/25/2016,16,Yahoo scanning order unlikely to be made public: sources
10/22/2016,20,AT strikes $108.7 bn deal to buy Time Warner
10/20/2016,12,Verizon revenue drops as subscriber additions disappoint
10/20/2016,10,Verizon still digesting Yahoo hack; 3Q profit falls
10/19/2016,16,Yahoo asks gov to clear up email reports
10/19/2016,16,"Yahoo, ACLU press U.S. to disclose secret surveillance orders"
10/19/2016,16,Yahoo asks gov't to clear up email-surveillance reports
10/18/2016,21,"Yahoo profit beats Wall Street, some analysts worry over effect of hack"
10/18/2016,20,Yahoo rakes in profits as it prepares for Verizon deal
10/18/2016,18,"Yahoo stumbles again in 3Q, raising stakes on Verizon deal"
10/18/2016,17,"Yahoo profit beats Wall St, some analysts worry over effect of hack"
10/18/2016,15,Yahoo quarterly profit more than doubles
10/18/2016,15,Yahoo Reports Third Quarter 2016 Results
10/18/2016,10,Yahoo rakes in profits as it prepares for Verizon deal
10/18/2016,5,Yahoo quarterly profit more than doubles
10/17/2016,1,Premiere entertainment and lifest ...
10/14/2016,7,Yahoo Announces Third Quarter 2016 Earnings Release Date
10/13/2016,19,Some Yahoo users find it hard to exit
10/13/2016,17,"Verizon says Yahoo hack 'material,' could affect deal"
10/13/2016,15,Verizon says massive Yahoo hack could impact deal
10/5/2016,16,Yahoo denies surveillance claims amid privacy outcry
10/5/2016,12,"Amid privacy outcry, Yahoo denies surveillance allegations"
10/5/2016,11,Yahoo email scanning prompts European ire
10/5/2016,9,Irish Data Protection Commissioner examining Yahoo email scanning report
10/5/2016,6,Yahoo denies surveillance claims amid privacy outcry
10/5/2016,2,"Amid privacy outcry, Yahoo denies surveillance allegations"
10/5/2016,0,Yahoo 'secretly scanned customer emails' for the US government
10/4/2016,23,Yahoo scanned emails for spy agency
10/4/2016,21,EXCLUSIVE - Yahoo secretly scanned customer emails for U.S. intelligence: sources
9/29/2016,13,Yahoo hacked by 'professional' criminals: researchers
9/29/2016,10,BlackBerry lesson: adapt or die in the internet Age
9/29/2016,3,Yahoo hacked by 'professional' criminals: researchers
9/27/2016,18,Yahoo accused of 'unacceptable' delay
9/26/2016,7,Yahoo Finance to Host Exclusive Live Stream of Berkshire Hathaway Shareholders Meeting for Second Year
9/24/2016,8,What you need to know about 'state-sponsored' Yahoo cyberattack
9/23/2016,15,"Wall Street slumps on weak tech, energy shares"
9/23/2016,15,Massive hack is yet another blow for ailing Yahoo
9/23/2016,13,Yahoo: Eight million UK users affected by data hack
9/20/2016,3,Yahoo Messenger rolls out new video sharing feature
9/1/2016,9,Yahoo unveils new mobile ad format in India
7/29/2016,2,"Yahoo rolls out upgraded messenger app for Windows, Mac"
7/27/2016,0,"Can Verizon deal revive Yahoo, expand jobs in India?"
7/26/2016,1,Verizon sale leaves Yahoo investors betting on a stub
7/25/2016,20,Verizon to buy Yahoo's core business for $4.8 billion in digital ad push
7/24/2016,12,Verizon to announce $5 billion deal to buy Yahoo Monday - source
7/21/2016,2,Silicon Valley's Yahoo diaspora mourns company's decline
7/18/2016,23,Yahoo reports lacklustre results as sale looms
7/7/2016,4,"Yahoo Mail announces new updates for iOS, Android"
6/12/2016,23,"Verizon, AT set to make final round of bids for Yahoo web assets, sources say"
6/7/2016,20,"Yahoo hires investment bank to sell about 3,000 patents - WSJ"
5/26/2016,19,Exclusive: Verizon turns to former Yahoo bankers for bid - sources
